feature,importance
roll3_sessions,0.6261485517271808
hour,0.31700651985684036
lag24_sessions,0.024001660475800005
lag1_sessions,0.01710815249557445
mean_energy_cost,0.006189859084097403
lag1_util,0.005562709152133315
month,0.00197479004431254
dow,0.0011988013799001545
is_weekend,0.000808955784160803
is_peak,0.0
capacity,0.0
